OBJECTID,DepartmentCode,KGISVillageID,KGISWardID,KGISCode,KGISPOL_STAID,POL_STAName,KGISPSCode,latitude,longitude
81,164431398,30092,,29572055428031620000HMPOLPUOFFPOS0003,84,Cubbon Park PS,PS - 84,12.9800298427157,77.5979641429556
82,164431397,30092,,29572055428031620000HMPOLPUOFFPOS0004,85,Vidhana Soudha PS,PS - 85,12.9773209692159,77.5886142885905
83,164431390,15151,,29572055428031620000HMPOLPUOFFPOS0005,86,Viveknagar PS,PS - 86,12.951547000394,77.6222989999259
84,164431386,30092,,29572055428031620000HMPOLPUOFFPOS0006,87,Halasurgate PS,PS - 87,12.9679059997634,77.5867767998637
85,164431391,15150,,29572055428031620000HMPOLPUOFFPOS0007,88,Sampangiramanagar PS,PS - 88,12.9630649998591,77.5921599999535
86,164431388,15075,,29572055428031620000HMPOLPUOFFPOS0008,89,Wilsongarden PS,PS - 89,12.9500430001231,77.5961980000424
87,164431394,15087,,29572055428031620000HMPOLPUOFFPOS0009,90,High Grounds PS,PS - 90,12.9899573531302,77.5927664453475
88,164431396,15168,,29572055428031620000HMPOLPUOFFPOS0010,91,Sadashivanagar PS,PS - 91,13.0149094111584,77.5725447841245
89,164431393,30090,,29572055428031620000HMPOLPUOFFPOS0011,92,Seshadripuram PS,PS - 92,12.9879292996002,77.5735902002227
90,164431395,15161,,29572055428031620000HMPOLPUOFFPOS0012,93,Vyalikaval PS,PS - 93,13.0014925000938,77.5786416004447
91,164431406,15124,,29572055428031620000HMPOLPUOFFPOS0013,94,Banaswadi PS,PS - 94,13.0196345004026,77.6403087004
92,164431402,15088,,29572055428031620000HMPOLPUOFFPOS0014,95,Devarajeevanahalli PS,PS - 95,13.0093318996255,77.6103367001824
93,164431408,21401,,29572055428031620000HMPOLPUOFFPOS0015,96,Hennur PS,PS - 96,13.024142138905,77.6457466922352
94,164431407,15124,,29572055428031620000HMPOLPUOFFPOS0016,97,Kadugondana Halli PS,PS - 97,13.0250519004078,77.6274595998832
95,164431409,21404,,29572055428031620000HMPOLPUOFFPOS0017,98,Ramamurthy Nagar PS,PS - 98,13.0121958894059,77.6676147006279
96,164431411,21387,,29572055428031620000HMPOLPUOFFPOS0018,99,Byappanahalli PS,PS - 99,12.99146656405,77.6568733672614
97,164431410,30092,,29572055428031620000HMPOLPUOFFPOS0019,100,Halasur PS,PS - 100,12.9748128797954,77.6253330610102
98,164431412,15118,,29572055428031620000HMPOLPUOFFPOS0020,101,Indiranagar PS,PS - 101,12.9829857001463,77.638280000055
99,164431413,21477,,29572055428031620000HMPOLPUOFFPOS0021,102,Jeevan Bheemanagar PS,PS - 102,12.9676990004541,77.6553852996563
100,164431401,30092,,29572055428031620000HMPOLPUOFFPOS0022,103,Bharathi Nagar PS,PS - 103,12.9912025002823,77.6120856003067
101,164431400,30092,,29572055428031620000HMPOLPUOFFPOS0023,104,Commercial Street PS,PS - 104,12.9820757996245,77.6064306996423
102,164431399,15123,,29572055428031620000HMPOLPUOFFPOS0024,105,Pulakeshinagar PS,PS - 105,12.9992725573424,77.6196531704426
103,164431403,30092,,29572055428031620000HMPOLPUOFFPOS0025,106,Shivajinagar PS,PS - 106,12.9855097999292,77.6052475001124
113,164431384,15680,,29572055428031620000HMPOLPUOFFPOS0072,158,Tilak Nagar PS,PS - 158,12.9283629998263,77.5905730004444
114,164431364,15081,,29572055428031620000HMPOLPUOFFPOS0073,159,Chamarajpet PS,PS - 159,12.9605426996297,77.5670263999736
115,164431432,30092,,29572055428031620000HMPOLPUOFFPOS0074,160,City Market PS,PS - 160,12.964957672278,77.5761266577661
116,164431417,30092,,29572055428031620000HMPOLPUOFFPOS0075,161,Cottonpet PS,PS - 161,12.9680170243514,77.5700979326779
117,164431431,30092,,29572055428031620000HMPOLPUOFFPOS0076,162,Kalasipalya PS,PS - 162,12.9573704167974,77.5773576933696
118,164431430,30092,,29572055428031620000HMPOLPUOFFPOS0077,163,Upparpet PS,PS - 163,12.9744759561439,77.5748211347527
123,169772003,15586,,29572055436130620000HMPOLPUOFFPOS0001,239,Kumbalagudu PS,PS - 239,12.8751639997321,77.4441459996032
130,169770277,15658,,29572055436129790000HMPOLPUOFFPOS0001,247,Tavarekere PS,PS - 247,12.9662440004315,77.4007709999584
133,164431357,30090,,29572055428031620000HMPOLPUOFFPOS0026,107,Malleshwarm PS,PS - 107,12.9966449997394,77.569587000137
134,164431358,15481,,29572055428031620000HMPOLPUOFFPOS0027,108,Srirampura PS,PS - 108,12.9899929995949,77.5650049998011
135,164431361,15481,,29572055428031620000HMPOLPUOFFPOS0028,109,Subramanya Nagar PS,PS - 109,13.0033419996475,77.5536799999682
136,164431360,15481,,29572055428031620000HMPOLPUOFFPOS0029,110,Rajajinagar PS,PS - 110,12.9946259998528,77.5542170001696
137,164431362,15483,,29572055428031620000HMPOLPUOFFPOS0030,111,Rajgopal Nagar PS,PS - 111,13.017349999738,77.5135710004188
138,164431363,15369,,29572055428031620000HMPOLPUOFFPOS0032,113,Nandini Layout PS,PS - 113,13.0123670002594,77.5367059999833
139,164430006,15480,,29572055428031620000HMPOLPUOFFPOS0033,114,Yeshwanthapura PS,PS - 114,13.018195000432,77.5580990000111
140,164431349,15480,,29572055428031620000HMPOLPUOFFPOS0034,115,"RMC Yard PS, Yeshwanthpura",PS - 115,13.023521263115,77.5499230793907
141,164431350,15491,,29572055428031620000HMPOLPUOFFPOS0035,116,Peenya PS,PS - 116,13.0360401362993,77.5211640244163
142,164432195,15450,,29572055428031620000HMPOLPUOFFPOS0036,117,Bagalgunte PS,PS - 117,13.0595489998628,77.5036570001419
143,164431348,15449,,29572055428031620000HMPOLPUOFFPOS0037,118,Gangammagudi PS,PS - 118,13.0721550001859,77.5299849997112
144,164430030,15311,,29572055426128790000HMPOLPUOFFPOS0001,119,Soladevanahalli PS,PS - 119,13.0934310001467,77.489040000408
145,164430014,15469,,29572055428031620000HMPOLPUOFFPOS0038,120,Jalahalli PS,PS - 120,13.0486679996027,77.5495399998899
146,164431351,15141,,29572055428031620000HMPOLPUOFFPOS0039,121,J.C. NagarPS,PS - 121,13.0055789999663,77.5935739997935
147,164431352,15098,,29572055428031620000HMPOLPUOFFPOS0040,122,R.T. Nagar PS,PS - 122,13.0247279997493,77.5931990004551
148,164431353,15100,,29572055428031620000HMPOLPUOFFPOS0041,123,Sanjay Nagara PS,PS - 123,13.0333540002619,77.5757999996612
149,164431354,15112,,29572055428031620000HMPOLPUOFFPOS0042,124,Hebbal PS,PS - 124,13.0383900002421,77.5896609998677
151,164430268,15322,,29572055426128970000HMPOLPUOFFPOS0001,126,Chikkajala PS,PS - 126,13.1732849997572,77.6332139995524
153,164431818,15390,,29572055428031620000HMPOLPUOFFPOS0043,128,Amruthahally PS,PS - 128,13.0568580000581,77.5985649995896
154,164431875,21419,,29572055428031620000HMPOLPUOFFPOS0044,129,Kothanur PS,PS - 129,13.0555134900539,77.6464059600349
155,164431874,15426,,29572055428031620000HMPOLPUOFFPOS0045,130,Sampigehalli PS,PS - 130,13.0753290001411,77.6333430004523
156,164431873,15413,,29572055428031620000HMPOLPUOFFPOS0046,131,Kodigehalli PS,PS - 131,13.0621039996126,77.5740659996586
157,164431356,15447,,29572055428031620000HMPOLPUOFFPOS0047,132,Yelahanka New Town PS,PS - 132,13.0999964496935,77.5838171135637
158,164431355,15447,,29572055428031620000HMPOLPUOFFPOS0048,133,Yelahanka PS,PS - 133,13.0948982140093,77.594093907309
159,164431375,15721,,29572055428031620000HMPOLPUOFFPOS0049,134,Banashankari PS,PS - 134,12.9292740000901,77.5679710003444
160,164431376,30092,,29572055428031620000HMPOLPUOFFPOS0050,135,Basavanagudi PS,PS - 135,12.9419994209918,77.5742406181053
161,164431372,15720,,29572055428031620000HMPOLPUOFFPOS0051,136,Jayanagar PS,PS - 136,12.9285749996732,77.5813879997279
162,164431373,15707,,29572055428031620000HMPOLPUOFFPOS0052,137,Jayaprakash Nagar PS,PS - 137,12.9118000000068,77.5876000003785
163,164431385,15153,,29572055428031620000HMPOLPUOFFPOS0053,138,Siddapura PS,PS - 138,12.9396290002763,77.5941780002841
164,164431377,15721,,29572055428031620000HMPOLPUOFFPOS0054,139,Basavanagudi Women PS,PS - 139,12.9290081004219,77.5678107000166
165,164432202,15703,,29572055428031620000HMPOLPUOFFPOS0055,140,Konanakunte PS,PS - 140,12.8839319997207,77.56640799997
166,164431378,15696,,29572055428031620000HMPOLPUOFFPOS0056,141,Kumaraswamy Layout PS,PS - 141,12.9053291296562,77.5632979997497
167,164432203,15711,,29572055428031620000HMPOLPUOFFPOS0057,142,Puttenahalli PS,PS - 142,12.9024027782159,77.5819750000366
168,164431379,15717,,29572055428031620000HMPOLPUOFFPOS0058,143,Subramanyapura PS,PS - 143,12.901203319357,77.5443170617634
169,164431347,15713,,29572055428031620000HMPOLPUOFFPOS0059,144,Thalaghattapura PS,PS - 144,12.8690240001717,77.5362860003164
170,164431365,30092,,29572055428031620000HMPOLPUOFFPOS0060,145,V.V. Puram PS,PS - 145,12.9596195803045,77.5722658495622
171,164431797,15698,,29572055428031620000HMPOLPUOFFPOS0061,146,Channammanakere Achu Kattu PS,PS - 146,12.9301162396181,77.560604590239
172,164431367,15099,,29572055428031620000HMPOLPUOFFPOS0062,147,Kempegowda Nagar PS,PS - 147,12.9491600000604,77.5631800000979
173,164431368,15688,,29572055428031620000HMPOLPUOFFPOS0063,148,Girinagar PS,PS - 148,12.9360000002911,77.5438999998846
174,164432193,15549,,29572055428031620000HMPOLPUOFFPOS0064,149,Bandepalya PS,PS - 149,12.9056000003551,77.6415333333942
175,164432188,15488,,29572055428031620000HMPOLPUOFFPOS0078,164,Annapoorneshwari Nagar PS,PS - 164,12.9764945003794,77.5127363002522
176,164431418,15084,,29572055428031620000HMPOLPUOFFPOS0079,165,Byatarayanapura PS,PS - 165,12.9513964930184,77.5401247181361
177,164431420,15116,,29572055428031620000HMPOLPUOFFPOS0080,166,Chandra Layout PS,PS - 166,12.9588991588048,77.5283954172681
178,164431421,15081,,29572055428031620000HMPOLPUOFFPOS0081,167,Jagajeevanram Nagar PS,PS - 167,12.964081607397,77.5550759389811
179,164431422,15486,,29572055428031620000HMPOLPUOFFPOS0082,168,Jnanabharathi PS,PS - 168,12.9505529290118,77.5002666799548
180,164431423,15582,,29572055428031620000HMPOLPUOFFPOS0083,169,Kengeri PS,PS - 169,12.9104775156184,77.4815711889913
181,164431877,15570,,29572055428031620000HMPOLPUOFFPOS0084,170,Rajarajeshwari Nagar PS,PS - 170,12.9128403426384,77.5206330486244
182,164431426,15470,,29572055428031620000HMPOLPUOFFPOS0085,171,Basaveshwara Nagar PS,PS - 171,12.9853070014035,77.542571994291
183,164431428,15494,,29572055428031620000HMPOLPUOFFPOS0086,172,Kamakshipalya PS,PS - 172,12.9822236602558,77.5320189022735
184,164431427,15116,,29572055428031620000HMPOLPUOFFPOS0087,173,Kempapura Agrahara PS,PS - 173,12.9725125392007,77.5615773208425
185,164431425,15116,,29572055428031620000HMPOLPUOFFPOS0088,174,Magadi Road PS,PS - 174,12.9755660999865,77.5501698999891
186,164431424,15116,,29572055428031620000HMPOLPUOFFPOS0089,175,Vijayanagar PS,PS - 175,12.9723502644423,77.538467437727
294,169771937,15664,,29572055436130420000HMPOLPUOFFPOS0001,234,Kaggalipura PS,PS - 234,12.7995459998704,77.5100820000121
454,164431799,15514,,29572055436130580000HMPOLPUOFFPOS0001,150,Electronic City PS,PS - 150,12.8400089995489,77.6630639999462
455,164431800,15531,,29572055428031620000HMPOLPUOFFPOS0065,151,Parappana Agrahara PS,PS - 151,12.8773138893884,77.6673555559925
456,164431382,15500,,29572055428031620000HMPOLPUOFFPOS0066,152,Adugodi PS,PS - 152,12.941430999878,77.6115419998195
457,164431796,15501,,29572055428031620000HMPOLPUOFFPOS0067,153,H.S.R.Layout PS,PS - 153,12.9201510003798,77.6513889997284
458,164431383,15530,,29572055428031620000HMPOLPUOFFPOS0068,154,Koramangala PS,PS - 154,12.9412138887662,77.6213416671002
547,164432198,21436,,29572055428031620000HMPOLPUOFFPOS0091,783,Bellanduru PS,PS - 783,12.9191619996926,77.6678679998158
548,164431416,21433,,29572055428031620000HMPOLPUOFFPOS0092,784,H.A.L. PS,PS - 784,12.9550059996707,77.6828550001031
549,164432199,21442,,29572055428031620000HMPOLPUOFFPOS0093,785,Marathahalli PS,PS - 785,12.9456189996246,77.6980390002911
550,164430259,21491,,29572055428031620000HMPOLPUOFFPOS0094,786,Varthur PS,PS - 786,12.9380340003015,77.7469200001009
551,164431405,21420,,29572055428031620000HMPOLPUOFFPOS0095,787,K.R. Puram PS,PS - 787,13.0090160001236,77.693286999959
552,164430257,21356,,29572055428031620000HMPOLPUOFFPOS0096,788,Kadugodi PS,PS - 788,12.9954149997581,77.7578210000384
553,164431414,21394,,29572055428031620000HMPOLPUOFFPOS0097,789,Mahadevapura PS,PS - 789,12.9966939998372,77.6928279998912
554,164430258,21434,,29572055428031620000HMPOLPUOFFPOS0098,790,Whitefield PS,PS - 790,12.9753560004434,77.7510760001927
555,164421330,21159,,29572055458031630000HMPOLPUOFFPOS0001,791,Anekal PS,PS - 791,12.7101184001285,77.692886400445
556,164421331,15031,,29572055456131320000HMPOLPUOFFPOS0001,792,Bannerghatta PS,PS - 792,12.8135433004012,77.5792525001605
557,164422000,15056,,29572055456133600000HMPOLPUOFFPOS0001,793,Jigani PS,PS - 793,12.7824606995826,77.6392150996301
558,164421333,15006,,29572055456133550000HMPOLPUOFFPOS0001,794,Hebbagodi PS,PS - 794,12.8263711001822,77.6799321002329
559,164421334,21296,,29572055456133580000HMPOLPUOFFPOS0001,795,Sarjapura PS,PS - 795,12.8607281002345,77.7812827002306
561,164421916,21334,,29572055446131070000HMPOLPUOFFPOS0001,797,Avalahally PS,PS - 797,13.042326000046,77.7457209996652
569,164421336,15277,,29572055426128340000HMPOLPUOFFPOS0001,805,Rajanukunte PS,PS - 805,13.1739705001471,77.5624243997917
602,164421332,14990,,29572055456133590000HMPOLPUOFFPOS0001,843,Attibele PS,PS - 843,12.7789360000593,77.7716710001049
606,164421914,15229,,29572055426129510000HMPOLPUOFFPOS0001,848,Madhanayakanahally PS,PS - 848,13.0622470002623,77.4623099998741
607,164422144,15009,,29572055456132650000HMPOLPUOFFPOS0001,849,Suryanagar PS,PS - 849,12.7928960000553,77.7049370001704
608,164431389,30092,,29572055428031620000HMPOLPUOFFPOS0100,850,Ashoknagar PS,PS - 850,12.9716320001726,77.6101850003906
610,164431392,15089,,29572055428031620000HMPOLPUOFFPOS0101,851,S.J. Park PS,PS - 851,12.9609289995745,77.5831449995862
611,164431822,15317,,29572055426129150000HMPOLPUOFFPOS0001,852,Bagalur PS,PS - 852,13.1400419997494,77.6704359997402
612,164431366,15158,,29572055428031620000HMPOLPUOFFPOS0102,853,Hanumathanagar PS,PS - 853,12.9362359996876,77.5614549998024
613,164432194,15505,,29572055428031620000HMPOLPUOFFPOS0103,854,Begur PS,PS - 854,12.8782620001631,77.6243380001586
614,164431798,15520,,29572055428031620000HMPOLPUOFFPOS0104,855,Hulimavu PS,PS - 855,12.8766460003129,77.6000710004058
615,164431381,15536,,29572055428031620000HMPOLPUOFFPOS0105,856,Mico Layout PS,PS - 856,12.9086119998238,77.610659000147
620,164430015,15436,,29572055428031620000HMPOLPUOFFPOS0106,857,Vidyaranyapura PS,PS - 857,13.0839867258753,77.5643861813388
636,164431380,15536,,29572055428031620000HMPOLPUOFFPOS0069,155,Madiwala PS,PS - 155,12.9209999998742,77.620667999617
637,164432141,15509,,29572055428031620000HMPOLPUOFFPOS0070,156,Bommanahalli PS,PS - 156,12.9106199997205,77.6249800003253
850,164431359,,,,,Mahalakshmipuram PS,,13.0027389161188,77.5473078440129
851,164431369,,,,,Shankarpura PS,,12.9536079559543,77.5699948247066
852,164432197,,,,,Suddaguntepalya PS,,12.9257789780078,77.6077477934414
869,169842021,,,,,ISD PS,,12.9693319402999,77.6167567858431
873,164422222,,,,,Bengaluru CEN Crime PS,,12.9898319905977,77.5916650107377
874,164432146,,,,,Central CEN Crime PS,,12.9667990246362,77.5871719906891
875,164432147,,,,,East CEN Crime PS,,12.9878455956193,77.603634427068
876,164432149,,,,,North CEN Crime PS,,13.0180495928218,77.5584169553286
877,164432260,,,,,NorthEast CEN Crime PS,,13.0568918670573,77.5985408010627
878,164432258,,,,,South CEN Crime PS,,12.9364239699816,77.5792168169108
879,164432259,,,,,SouthEast CEN Crime PS,,12.9411769638892,77.6214107811294
880,164432148,,,,,West CEN Crime PS,,12.9854783207063,77.5425355880706
881,164432261,,,,,Whitefield CEN Crime PS,,12.9754099257775,77.7511256717663
912,164432268,,,,,Govindapura PS,,13.0344587360155,77.619463595785
913,164432303,,,,,Govindaraja Nagar PS,,12.972337140279,77.5292191043584
914,164432200,,,,,Cyber Crime Police Station,,12.9821582373495,77.5862511278321
918,164432123,,,,,Byadarahalli PS,,12.9869611703651,77.4913220422091
920,164431387,,,,,East Zone Women PS,,12.9880379848679,77.6037380166751
